,user_id,game_name,indicator-hours
23,151603712,Robocraft,0.4
89,53875128,Age of Empires II HD Edition,9.0
122,53875128,Miasmata,3.4
123,53875128,Dead Space,3.3
179,53875128,Osmos,0.6
278,126340495,Robocraft,2.3
318,97298878,Osmos,0.1
381,65117175,Thomas Was Alone,9.0
423,65117175,Osmos,1.0
507,11373749,Worms Clan Wars,10.4
537,11373749,Osmos,6.5
555,11373749,Clockwork Tales Of Glass and Ink,4.5
570,11373749,Windosill,3.4
591,11373749,State of Decay,2.3
600,11373749,Trials Evolution Gold Edition,1.5
696,164543231,Robocraft,5.6
708,163617342,Fractured Space,0.2
746,103973922,Napoleon Total War,3.5
770,171847029,Robocraft,0.5
821,151229648,Dead Space,0.3
863,56038151,Age of Empires III Complete Collection,1.6
882,56038151,"Warhammer 40,000 Space Marine",0.3
923,189191657,Robocraft,133.0
933,57234698,Titan Quest,0.4
978,57103808,Napoleon Total War,17.4
988,57103808,Robocraft,9.5
992,57103808,Age of Empires III Complete Collection,6.2
1056,107948398,Age of Empires III Complete Collection,51.0
1057,107948398,"Warhammer 40,000 Space Marine",37.0
1068,94088853,Age of Empires II HD Edition,27.0
1089,94088853,Dead Space,0.3
1110,170095814,Robocraft,1.6
1120,31887051,Football Manager 2013,145.0
1195,64369759,"Warhammer 40,000 Space Marine",1.2
1255,9823354,Dead Space,16.5
1257,9823354,State of Decay,15.2
1309,9823354,Earth 2160,2.1
1358,100519466,Robocraft,73.0
1408,168031436,Thief Gold,0.4
1428,185685666,Robocraft,0.2
1492,41883322,"Warhammer 40,000 Space Marine",16.2
1527,170491009,Robocraft,4.2
1561,293463755,Age of Empires III Complete Collection,0.1
1592,150751526,Robocraft,3.9
1630,249165768,F.E.A.R. Online,2.2
1647,130280718,Robocraft,4.4
1678,65716118,Napoleon Total War,4.6
1709,246892835,Time Clickers,0.2
1776,198346312,Age of Empires II HD Edition,9.1
1826,78332414,Fractured Space,2.0
1854,143459727,Robocraft,19.4
1859,42681063,Football Manager 2013,291.0
1902,74154832,FINAL FANTASY XI,0.3
2006,25096601,Oceanhorn Monster of Uncharted Seas,0.2
2304,92914917,Sniper Elite Nazi Zombie Army 2,2.5
2328,92914917,Age of Empires II HD Edition,1.7
2360,92914917,Polarity,0.5
2387,77870593,Napoleon Total War,128.0
2440,72842694,Trials Evolution Gold Edition,2.9
2453,72842694,Shadow Warrior,1.8
2518,144508237,Football Manager 2013,1.7
2716,65958466,Age of Empires II HD Edition,34.0
2745,65958466,"Warhammer 40,000 Space Marine",10.4
2759,65958466,Dead Space,5.2
2772,65958466,RAW - Realms of Ancient War,3.0
2825,226923581,Worms Clan Wars,2.1
2941,61676491,Medal of Honor(TM) Single Player,3.5
2978,61676491,Guardians of Middle-earth,0.5
2994,61676491,Age of Empires II HD Edition,0.2
3051,68224834,War of the Roses Balance Beta,0.6
3083,122803519,Robocraft,0.7
3138,34177747,Goodbye Deponia,8.8
3220,44866715,"Warhammer 40,000 Space Marine",2.3
3237,44866715,Fractured Space,0.4
3261,239794225,Robocraft,16.9
3294,31727716,Robocraft,102.0
3373,196223620,Robocraft,75.0
3378,196223620,F.E.A.R. Online,4.9
3436,42005897,Football Manager 2013,293.0
3447,42005897,Napoleon Total War,47.0
3471,42005897,Fractured Space,3.8
3510,42099265,Football Manager 2013,222.0
3511,42099265,Age of Empires III Complete Collection,111.0
3523,183382406,Robocraft,0.5
3592,62539628,Napoleon Total War,18.6
3670,104055167,Napoleon Total War,18.8
3687,159365538,Napoleon Total War,5.0
3749,1950243,Age of Empires II HD Edition,1.3
3758,1950243,Titan Quest,0.4
3759,1950243,Robocraft,0.4
3918,219466905,Robocraft,25.0
3926,126098408,Age of Empires II HD Edition,107.0
3932,126098408,Medal of Honor(TM) Single Player,7.6
3952,198105109,Robocraft,25.0
3970,117531196,Robocraft,28.0
4051,193129684,Robocraft,31.0
4092,87071236,Hunting Unlimited 2010,1.9
4098,87071236,Fallout 3,0.7
4107,204459221,Robocraft,631.0
4186,182399789,Robocraft,10.3
4283,64787956,Marlow Briggs,1.9
4298,64787956,Age of Empires III Complete Collection,0.8
4572,249232725,Age of Empires II HD Edition,2.4
4666,96977722,Napoleon Total War,3.1
4714,68316900,Dead Space,1.5
4752,102825821,Robocraft,4.9
4811,71943253,Napoleon Total War,36.0
4885,160427210,Robocraft,55.0
4928,128964236,X3 Terran Conflict,0.9
4961,147602462,Age of Empires III Complete Collection,18.6
4990,147602462,Clockwork Tales Of Glass and Ink,2.9
5223,12610800,Napoleon Total War,2.5
5225,12610800,Medal of Honor(TM) Single Player,2.4
5227,12610800,State of Decay,2.4
5238,12610800,Age of Empires II HD Edition,1.8
5257,12610800,Shadow Warrior,1.0
5272,12610800,Miasmata,0.7
5285,12610800,Titan Quest,0.4
5297,12610800,Sid Meier's Civilization IV Colonization,0.3
5306,12610800,X3 Terran Conflict,0.2
5324,12610800,Avadon The Black Fortress,0.1
5360,172666220,Robocraft,0.2
5409,242782489,Robocraft,0.2
5472,78341587,Shadow Warrior,12.9
5518,78341587,Osmos,0.3
5532,78341587,BIT.TRIP Presents... Runner2 Future Legend of Rhythm Alien,0.1
5540,106235885,SkyDrift,0.2
5594,206210282,Robocraft,0.3
5623,215833301,Robocraft,4.6
5685,82174211,Age of Empires III Complete Collection,17.4
5686,82174211,"Warhammer 40,000 Space Marine",16.3
5723,96014467,Napoleon Total War,12.3
5769,215160630,Robocraft,0.2
5803,48028873,Age of Empires II HD Edition,21.0
5834,48028873,Sniper Elite Nazi Zombie Army 2,1.7
5862,48028873,Trials Evolution Gold Edition,0.1
5910,131940023,Age of Empires II HD Edition,56.0
6010,136495026,Fallout 3,2.5
6015,136495026,Age of Empires II HD Edition,0.1
6034,24366790,Robocraft,78.0
6077,89732768,Shadow Warrior Classic (1997),1.2
6321,62545742,Medal of Honor(TM) Single Player,14.8
6324,62545742,Fallout 3,6.2
6335,294391279,Napoleon Total War,0.9
6507,236434806,The Forgotten Ones,0.2
6548,269770460,Robocraft,6.5
6634,309626088,Age of Empires II HD Edition,6.7
6767,92393218,Age of Empires III Complete Collection,77.0
6811,92393218,Thief Gold,0.9
6814,92393218,X3 Terran Conflict,0.5
6894,115192877,Age of Empires II HD Edition,97.0
6895,115192877,Football Manager 2013,51.0
6912,205014771,Shadow Warrior,0.8
6919,95044091,Napoleon Total War,23.0
6946,74161590,Robocraft,0.3
6950,81054122,Football Manager 2013,2249.0
7051,106147454,Robocraft,0.2
7073,57974873,Napoleon Total War,138.0
7127,26430231,Thomas Was Alone,0.5
7150,34102593,Titan Quest,0.2
7191,28064589,Dead Horde,1.8
7234,204541576,Robocraft,0.9
7260,84455820,State of Decay,6.9
7474,234108053,Polarity,1.9
7537,140825164,Robocraft,3.0
7568,176539817,Robocraft,10.0
7604,225176638,Robocraft,0.5
7782,87734805,Shadow Warrior,7.1
7792,87734805,Sniper Elite Nazi Zombie Army 2,3.3
7824,87734805,Medal of Honor(TM) Single Player,0.4
7829,87734805,Dead Space,0.3
7950,13565651,"Warhammer 40,000 Space Marine",0.7
7958,13565651,Dead Space,0.5
7969,13565651,Titan Quest,0.2
7998,216674215,Robocraft,1.7
8054,226597231,Robocraft,0.2
8195,82020006,Age of Empires III Complete Collection,0.7
8204,216211930,Polarity,1.2
8247,28031199,Napoleon Total War,3.8
8324,53898495,Titan Quest,0.1
8328,64392327,Napoleon Total War,1648.0
8358,77830706,State of Decay,12.3
8495,136135322,Thomas Was Alone,5.4
8541,136135322,BIT.TRIP Presents... Runner2 Future Legend of Rhythm Alien,0.6
8589,8542204,Dead Space,0.3
8621,194670621,Robocraft,0.5
8675,81585721,Dead Space,0.6
8723,86733992,Robocraft,31.0
8744,86733992,Age of Empires III Complete Collection,1.3
8746,86733992,Titan Quest,0.6
8747,86733992,Age of Empires II HD Edition,0.5
8789,76420334,Age of Empires II HD Edition,2.9
8841,69009454,State of Decay,11.0
8876,69009454,Age of Empires II HD Edition,3.6
8922,69009454,Age of Empires III Complete Collection,0.6
8932,69009454,"Warhammer 40,000 Space Marine",0.4
8936,69009454,Dead Space,0.4
8960,45422636,Napoleon Total War,13.1
8973,67492611,Robocraft,45.0
8976,67492611,Age of Empires II HD Edition,29.0
8991,67492611,Age of Empires III Complete Collection,0.7
9065,43360645,Age of Empires II HD Edition,10.6
9101,43360645,Age of Empires III Complete Collection,2.4
9120,43360645,Guardians of Middle-earth,0.4
9281,115821787,Football Manager 2013,38.0
9347,66950079,Trials Evolution Gold Edition,22.0
9384,59383825,Football Manager 2013,386.0
9472,105877396,Sid Meier's Civilization IV Colonization,7.2
9475,105877396,Robocraft,5.5
9542,98649241,Robocraft,2.0
9615,39082468,Deus Ex Invisible War,3.0
9735,80779496,Thief Gold,0.2
9880,243664576,Time Clickers,1.3
9908,243664576,Polarity,0.1
9997,24469287,"Warhammer 40,000 Space Marine",7.0
10102,24469287,Age of Empires II HD Edition,1.6
10103,24469287,Time Clickers,1.5
10118,24469287,State of Decay,1.2
10171,24469287,X3 Terran Conflict,0.4
10172,24469287,Thomas Was Alone,0.4
10188,24469287,Titan Quest,0.2
10189,24469287,Tales from Space Mutant Blobs Attack,0.2
10209,55112407,Football Manager 2013,400.0
10237,192976811,Robocraft,8.1
10240,72207742,Napoleon Total War,221.0
10242,72207742,Age of Empires III Complete Collection,103.0
10244,72207742,Age of Empires II HD Edition,93.0
10393,159152280,Age of Empires II HD Edition,5.0
10416,212466515,Robocraft,0.3
10449,116617462,Napoleon Total War,0.8
10483,11403772,Global Agenda - Beta,23.0
10499,11403772,Shadow Warrior,14.2
10540,11403772,Anoxemia,6.0
10541,11403772,Sniper Elite Nazi Zombie Army 2,6.0
10556,11403772,Goodbye Deponia,4.8
10557,11403772,Skyborn,4.8
10560,11403772,Medal of Honor(TM) Single Player,4.5
10570,11403772,Napoleon Total War,4.2
10622,11403772,"Warhammer 40,000 Space Marine",2.6
10623,11403772,Guardians of Middle-earth,2.5
10665,11403772,Titan Quest,1.7
10667,11403772,Dead Space,1.7
10699,11403772,Robocraft,1.3
10700,11403772,BIT.TRIP Presents... Runner2 Future Legend of Rhythm Alien,1.3
10701,11403772,The Inner World,1.3
10718,11403772,Thomas Was Alone,1.2
10764,11403772,Fractured Space,0.3
10804,50744279,March of War,14.5
10839,50744279,Age of Empires III Complete Collection,0.9
10845,50744279,Napoleon Total War,0.5
10866,186673066,Earth 2160,7.9
10916,82046939,Dead Space,3.3
10930,82046939,Miasmata,1.5
10942,82046939,Medal of Honor(TM) Single Player,0.5
10978,111754806,Robocraft,20.0
11004,111754806,Thomas Was Alone,3.7
11032,111754806,Sniper Elite Nazi Zombie Army 2,0.3
11100,27171538,Age of Empires III Complete Collection,12.2
11103,27171538,Sid Meier's Civilization IV Colonization,4.3
11138,237156166,Robocraft,64.0
11153,12130111,Desktop Dungeons,65.0
11210,15305418,Goodbye Deponia,0.1
11234,177146016,Age of Empires II HD Edition,35.0
11291,99077905,Shadow Warrior,9.0
11308,99077905,Age of Empires II HD Edition,3.3
11321,99077905,State of Decay,1.5
11334,99077905,"Warhammer 40,000 Space Marine",0.6
11344,99077905,Medal of Honor(TM) Single Player,0.3
11356,99077905,Titan Quest,0.2
11454,88344296,Titan Quest,0.6
11528,9128105,Fallout 3,10.2
11571,9128105,Age of Empires III Complete Collection,2.2
11575,9128105,Earth 2160,2.0
11614,9128105,Dead Space,0.5
11615,9128105,Titan Quest,0.5
11734,58217836,Age of Empires II HD Edition,4.5
11828,86912006,Windosill,0.6
11836,86912006,BIT.TRIP Presents... Runner2 Future Legend of Rhythm Alien,0.4
11839,86912006,Robocraft,0.2
11909,117312360,Football Manager 2013,37.0
12041,232047954,Robocraft,11.3
12109,59790700,Dead Space,0.3
12125,12259303,Titan Quest,1.4
12141,136998614,Robocraft,0.6
12218,126269125,Robocraft,61.0
12251,32125590,Men of War Red Tide,0.9
12270,184536712,Robocraft,1.4
12301,164511211,Robocraft,6.4
12316,164511211,Time Clickers,0.6
12363,115163074,Football Manager 2013,12.5
12379,45094639,Age of Empires II HD Edition,4.0
12382,45094639,Cabela's African Adventures,0.7
12394,87341384,Age of Empires II HD Edition,44.0
12463,213737989,Robocraft,10.5
12483,121615038,Football Manager 2013,74.0
12486,120106834,Napoleon Total War,73.0
12487,120106834,Age of Empires II HD Edition,12.7
12491,120106834,Age of Empires III Complete Collection,0.8
12504,113260911,Football Manager 2013,598.0
12581,179404476,March of War,7.2
12590,179404476,Robocraft,0.6
12667,2259650,Fallout 3,0.5
12668,2259650,Tales from Space Mutant Blobs Attack,0.5
12684,2259650,Sid Meier's Civilization IV Colonization,0.2
12723,282755920,Robocraft,2.5
12750,225434610,The Forgotten Ones,0.1
12812,60296891,Guardians of Middle-earth,0.8
12839,129928069,Football Manager 2013,64.0
12877,181693930,Age of Empires II HD Edition,6.8
12911,136791084,Sam & Max 202 Moai Better Blues,8.1
12935,203572706,F.E.A.R. Online,0.5
12951,9180659,Robocraft,11.1
13019,141160698,Arma 2 British Armed Forces,0.2
13164,213610494,Robocraft,13.9
13166,213610494,Time Clickers,6.6
13205,71132696,"Warhammer 40,000 Space Marine",12.9
13209,217099682,Robocraft,1.1
13277,71390526,Sid Meier's Civilization IV Colonization,0.8
13316,58907890,Age of Empires II HD Edition,21.0
13371,111130695,Age of Empires III Complete Collection,3.6
13388,75273484,Napoleon Total War,2.7
13446,187817597,Robocraft,0.6
13465,176929122,Robocraft,1.5
13509,105782521,Sid Meier's Civilization IV Colonization,1.0
13533,233407123,Robocraft,2.9
13574,260265776,Robocraft,0.4
13614,182961604,Robocraft,6.6
13658,147079200,Robocraft,0.2
13674,201889336,Fallout 3,0.2
13728,195414910,Robocraft,2.2
13762,284096202,Robocraft,0.7
13765,114620302,Football Manager 2013,7.6
13854,122679931,Robocraft,0.2
13930,223064225,Robocraft,4.6
13992,65342306,Age of Empires III Complete Collection,16.8
14068,110906645,Polarity,0.5
14097,206014489,Age of Empires II HD Edition,682.0
14162,30440303,Robocraft,30.0
14170,30440303,Trials Evolution Gold Edition,20.0
14174,30440303,Dead Space,12.7
14325,298950,State of Decay,5.5
14366,298950,Age of Empires II HD Edition,1.2
14395,298950,Age of Empires III Complete Collection,0.6
14428,298950,Shadow Warrior,0.2
14452,149873773,Football Manager 2013,105.0
14474,62878249,Napoleon Total War,88.0
14502,62878249,State of Decay,18.2
14526,62878249,Medal of Honor(TM) Single Player,7.7
14536,62878249,Age of Empires II HD Edition,5.8
14563,62878249,March of War,0.5
14572,46534663,Robocraft,22.0
14583,207926270,Robocraft,3.6
14634,50801801,Trials Evolution Gold Edition,12.1
14677,83671083,Robocraft,21.0
14683,83671083,Age of Empires II HD Edition,7.9
14744,274785080,Robocraft,1.3
14749,274785080,Time Clickers,0.7
14835,96282673,Age of Empires III Complete Collection,0.1
14836,240955030,Robocraft,4.2
14896,149505485,Age of Empires III Complete Collection,67.0
14911,122026623,Napoleon Total War,121.0
14949,122026623,Shadow Warrior,13.6
14952,122026623,"Warhammer 40,000 Space Marine",10.5
14975,122026623,Age of Empires III Complete Collection,4.3
15041,216047302,Age of Empires II HD Edition,82.0
15089,54293428,Age of Empires II HD Edition,3.6
15101,54293428,Age of Empires III Complete Collection,0.4
15146,188627637,Robocraft,15.0
15232,254935843,Robocraft,2.9
15305,186642906,Shadow Warrior Classic (1997),0.2
15307,186642906,Revolution Ace,0.1
15369,105384518,State of Decay,51.0
15375,105384518,Skyscraper Simulator,27.0
15380,105384518,X3 Terran Conflict,18.5
15497,36546868,"Warhammer 40,000 Space Marine",4.7
15511,36546868,Osmos,3.2
15531,36546868,BIT.TRIP Presents... Runner2 Future Legend of Rhythm Alien,1.9
15572,36546868,X3 Terran Conflict,0.8
15605,36546868,Shadow Warrior,0.4
15608,36546868,State of Decay,0.3
15645,36546868,SkyDrift,0.2
15791,72996988,Age of Empires II HD Edition,3.5
15830,73094362,Football Manager 2013,69.0
15876,152959594,F.E.A.R. Online,6.2
15926,152959594,Robocraft,0.4
15985,100351493,Fallout 3,9.3
16026,73518199,State of Decay,25.0
16045,73518199,March of War,4.2
16058,73518199,Robocraft,0.5
16086,245859173,Robocraft,1.7
16147,69856757,Napoleon Total War,2.5
16151,69856757,Titan Quest,1.9
16173,116411567,RAW - Realms of Ancient War,0.4
16228,100311267,Shadow Warrior,2.1
16231,100311267,F.E.A.R. Online,1.4
16298,23717586,Medal of Honor(TM) Single Player,11.2
16318,23717586,Thief Gold,0.5
16359,172470005,Fallout 3,0.8
16419,166927601,Robocraft,6.4
16471,73835640,Age of Empires II HD Edition,10.0
16510,73835640,Age of Empires III Complete Collection,3.1
16518,73835640,Trials Evolution Gold Edition,2.4
16526,73835640,Thief Gold,1.3
16568,75232211,Napoleon Total War,12.5
16591,75232211,Dead Space,0.2
16607,129659946,Football Manager 2013,62.0
16659,46637811,Age of Empires II HD Edition,60.0
16673,46637811,Age of Empires III Complete Collection,21.0
16718,46637811,"Warhammer 40,000 Kill Team",0.7
16725,46637811,RAW - Realms of Ancient War,0.3
16746,124878949,Robocraft,5.4
16811,272499996,Robocraft,0.9
16832,70351792,Football Manager 2013,11.3
16892,171067153,State of Decay,0.9
16915,116283279,Earth 2160,0.3
16916,116283279,Sniper Elite Nazi Zombie Army 2,0.3
16935,61502266,Napoleon Total War,5.0
16980,62858973,Thomas Was Alone,2.6
17071,20464587,Time Clickers,71.0
17085,20464587,Robocraft,0.6
17171,79542039,Men of War Red Tide,0.6
17201,101826973,Napoleon Total War,89.0
17298,26729643,"Warhammer 40,000 Space Marine",16.3
17328,26729643,Fractured Space,4.0
17424,275086284,Robocraft,0.3
17445,165779930,Robocraft,212.0
17472,67001780,Napoleon Total War,645.0
17543,285860790,Fallout 3,9.2
17640,104727643,State of Decay,1.1
17643,104727643,Robocraft,0.4
17716,66615366,Dead Space,9.0
17829,6717871,"Warhammer 40,000 Space Marine",1.1
17875,157391838,Age of Empires II HD Edition,8.9
17934,26465134,Deus Ex Invisible War,0.2
18004,235297215,Robocraft,0.2
18053,2083767,Time Clickers,0.1
18110,102175618,Napoleon Total War,0.4
18123,67694595,Titan Quest,35.0
18170,67694595,Medal of Honor(TM) Single Player,0.2
18189,253469905,Time Clickers,2.6
18194,258602617,Robocraft,438.0
18229,171726897,Age of Empires II HD Edition,1.6
18242,139673932,Football Manager 2013,3374.0
18247,139673932,Age of Empires II HD Edition,10.2
18294,63615483,Medal of Honor(TM) Single Player,0.9
18324,183803328,Robocraft,0.8
18355,200036280,March of War,1.9
18453,38049880,"Warhammer 40,000 Space Marine",6.7
18524,38049880,Age of Empires II HD Edition,1.4
18543,38049880,Thief Gold,1.0
18586,38049880,Earth 2160,0.2
18591,38049880,Titan Quest,0.1
18641,33282871,TrackMania Valley,13.7
18650,33282871,Titan Quest,7.1
18732,49893565,Robocraft,36.0
18769,49893565,Age of Empires II HD Edition,12.6
18800,49893565,"Warhammer 40,000 Space Marine",8.1
18804,49893565,Titan Quest,7.6
18835,49893565,Shadow Warrior,4.0
18919,49893565,Dead Space,1.1
18934,49893565,Thomas Was Alone,0.8
18974,49893565,RAW - Realms of Ancient War,0.3
18984,49893565,Osmos,0.2
19002,136850924,Football Manager 2013,1.9
19042,103649913,Age of Empires II HD Edition,6.7
19080,116314616,Football Manager 2013,394.0
19112,89523414,Napoleon Total War,1.9
19123,89523414,Robocraft,1.1
19135,89523414,War of the Roses Balance Beta,0.1
19165,187877855,Robocraft,4.1
19429,234262106,Robocraft,19.4
19447,29239329,Age of Empires II HD Edition,8.5
19488,215877085,Robocraft,4.4
19547,63808332,Napoleon Total War,30.0
19548,63808332,The Kings' Crusade,5.8
19555,124070622,State of Decay,2.8
19587,7203603,F.E.A.R. Online,0.4
19607,150789931,Revolution Ace,5.2
19620,150789931,Age of Empires II HD Edition,0.1
19636,235692659,Shadow Warrior,4.9
19729,66464409,Age of Empires II HD Edition,0.3
19783,33013552,Street Fighter X Tekken,3.9
19801,33013552,State of Decay,2.2
19829,33013552,SkyDrift,1.2
19885,33013552,X3 Terran Conflict,0.3
19910,33013552,BloodRayne Betrayal,0.2
19922,33013552,Age of Empires II HD Edition,0.2
19943,43684632,Football Manager 2013,622.0
19973,43684632,Medal of Honor(TM) Single Player,24.0
19992,43684632,Age of Empires II HD Edition,12.3
20127,48984158,Revolution Ace,0.6
20134,48984158,Fractured Space,0.2
20152,76767,Age of Empires II HD Edition,13.1
20193,158620881,Robocraft,3.7
20234,94269421,Nancy Drew Alibi in Ashes,4.7
20252,94269421,Serena,0.9
20259,153428440,Football Manager 2013,110.0
20322,122798021,Napoleon Total War,0.1
20341,84318201,Age of Empires II HD Edition,11.6
20467,193486352,Sphere III Enchanted World,2.6
20487,226260133,Robocraft,0.9
20500,50769696,Football Manager 2013,233.0
20531,63965791,Age of Empires II HD Edition,10.2
20541,216023925,Space Channel 5 Part 2,0.7
20563,154730370,Robocraft,14.7
20579,154730370,Sniper Elite Nazi Zombie Army 2,1.3
20583,154730370,Fractured Space,0.5
20660,247912887,Robocraft,0.8
20703,148674157,Shadow Warrior Classic (1997),0.3
20712,15415372,Football Manager 2013,994.0
20744,90726321,Football Manager 2013,15.3
20801,49413665,Napoleon Total War,8.0
20804,206308003,Robocraft,1.7
20898,123101539,X3 Terran Conflict,7.2
20902,123101539,Napoleon Total War,2.7
20903,123101539,"Warhammer 40,000 Space Marine",2.6
20928,92663477,Age of Empires II HD Edition,4.3
20947,92663477,State of Decay,0.6
20955,92663477,Robocraft,0.2
21040,21061921,State of Decay,14.4
21063,21061921,Robocraft,5.5
21113,21061921,Age of Empires III Complete Collection,0.7
21151,21061921,Titan Quest,0.1
21198,165742641,Football Manager 2013,6.2
21243,86055705,Fallout 3,15.1
21264,86055705,Age of Empires II HD Edition,9.8
21318,86055705,Worms Clan Wars,1.7
21340,86055705,Robocraft,0.6
21374,198722652,Robocraft,0.6
21424,58057627,Trials Evolution Gold Edition,8.4
21433,58057627,Fallout 3,2.0
21462,119310413,Trials Evolution Gold Edition,2.4
21472,119310413,BIT.TRIP Presents... Runner2 Future Legend of Rhythm Alien,0.7
21485,141141039,TrackMania Valley,99.0
21499,299212897,Robocraft,0.2
21503,166224568,Robocraft,56.0
21543,89005236,Age of Empires II HD Edition,146.0
21555,293188300,Robocraft,32.0
21592,3449240,Robocraft,5.4
21684,66255019,"Warhammer 40,000 Space Marine",5.3
21739,39037163,State of Decay,18.1
21751,39037163,Worms Clan Wars,8.6
21794,55426012,Age of Empires II HD Edition,25.0
21837,55426012,Medal of Honor(TM) Single Player,5.3
21874,55426012,Dead Space,1.1
21973,197904909,Robocraft,0.2
21982,191637518,Robocraft,0.4
22025,69434488,Napoleon Total War,230.0
22068,45774794,State of Decay,3.5
22117,218321238,Robocraft,0.5
22160,154458931,Age of Empires II HD Edition,11.1
22180,108007732,Trials Evolution Gold Edition,54.0
22244,65398650,BIT.TRIP Presents... Runner2 Future Legend of Rhythm Alien,22.0
22280,65398650,Guardians of Middle-earth,10.8
22330,65398650,Sniper Elite Nazi Zombie Army 2,3.1
22333,65398650,Major Mayhem,3.0
22382,65398650,QuantZ,0.5
22396,65398650,Marlow Briggs,0.3
22437,145320311,Age of Empires II HD Edition,17.0
22469,137460095,Time Clickers,53.0
22474,137460095,Robocraft,0.3
22477,205965436,Robocraft,40.0
22488,205965436,Age of Empires II HD Edition,0.7
22495,84054119,Age of Empires II HD Edition,8.7
22501,221553173,Robocraft,13.1
22549,80128229,Robocraft,56.0
22619,80128229,Miasmata,0.5
22717,70780053,Napoleon Total War,0.8
22724,138168089,Football Manager 2013,16.5
22751,70408902,Trials Evolution Gold Edition,53.0
22809,70408902,BIT.TRIP Presents... Runner2 Future Legend of Rhythm Alien,0.4
22855,46055854,Medal of Honor(TM) Single Player,5.5
22871,46055854,Napoleon Total War,0.2
22945,56219610,Age of Empires II HD Edition,9.0
23009,210569339,Robocraft,20.0
23026,256980620,Age of Empires II HD Edition,247.0
23164,55906572,Robocraft,10.5
23219,55906572,"Warhammer 40,000 Space Marine",2.7
23275,55906572,BIT.TRIP Presents... Runner2 Future Legend of Rhythm Alien,0.3
23318,120696775,Age of Empires II HD Edition,15.7
23319,120696775,Age of Empires III Complete Collection,15.3
23340,258482885,Robocraft,4.5
23366,84883272,Age of Empires II HD Edition,7.9
23395,159211669,Age of Empires II HD Edition,4.5
23427,11813637,Fallout 3,20.0
23505,101687527,Robocraft,8.4
23548,169808233,March of War,15.6
23565,54826284,Football Manager 2013,91.0
23594,54826284,Age of Empires III Complete Collection,5.8
23687,61506388,Deus Ex Invisible War,1.9
23698,61506388,Titan Quest,0.7
23701,61506388,Medal of Honor(TM) Single Player,0.5
23775,64973908,Space Channel 5 Part 2,0.7
23797,75463760,Age of Empires II HD Edition,6.9
23870,80189887,Medal of Honor(TM) Single Player,5.2
23878,80189887,"Warhammer 40,000 Space Marine",3.5
23955,166125977,Robocraft,0.2
23989,142799594,Robocraft,1.0
24055,54637394,Dead Space,3.0
24124,183998097,Robocraft,14.3
24194,117949868,Robocraft,0.9
24202,204631355,Robocraft,0.2
24208,50553129,Football Manager 2013,62.0
24210,50553129,Napoleon Total War,24.0
24230,308402974,Robocraft,0.7
24266,114781347,Age of Empires II HD Edition,29.0
24425,122551425,Age of Empires III Complete Collection,4.9
24549,138941587,Age of Empires II HD Edition,9.1
24559,138941587,Major Mayhem,8.2
24593,138941587,Anoxemia,4.9
24613,138941587,Skyborn,4.1
24630,138941587,Tales from Space Mutant Blobs Attack,3.6
24639,138941587,Clockwork Tales Of Glass and Ink,3.4
24646,138941587,Goodbye Deponia,3.4
24720,138941587,Revolution Ace,2.6
24735,138941587,Polarity,2.4
24840,45411694,Napoleon Total War,10.8
24875,180753437,Age of Empires II HD Edition,0.6
24971,151015947,Time Clickers,0.5
25062,51085779,Napoleon Total War,14.1
25080,51085779,Fractured Space,2.6
25135,127220350,Robocraft,2.6
25182,68809194,Age of Empires II HD Edition,2.9
25194,18604016,Football Manager 2013,249.0
25195,18604016,Napoleon Total War,89.0
25205,58529751,Napoleon Total War,42.0
25227,174287424,F.E.A.R. Online,1.2
25337,182851135,Robocraft,0.8
25390,37723786,Titan Quest,0.1
25469,43955374,State of Decay,9.7
25491,43955374,Titan Quest,3.9
25538,264625792,Robocraft,0.6
25649,186310598,Robocraft,0.7
25678,61378298,Napoleon Total War,2.3
25716,49462664,Robocraft,31.0
25744,49462664,Titan Quest,15.5
25753,49462664,Dead Space,11.0
25817,49462664,"Warhammer 40,000 Space Marine",0.4
25831,203765587,Robocraft,25.0
25851,268487512,Age of Empires II HD Edition,96.0
25904,285600472,Time Clickers,1.8
25910,189129966,Robocraft,13.4
25965,198573013,Fractured Space,0.2
26076,33651880,Age of Empires II HD Edition,23.0
26096,33651880,Thomas Was Alone,4.5
26117,107876972,OMSI 2,293.0
26133,115571373,March of War,0.3
26231,91690667,Sniper Elite Nazi Zombie Army 2,0.4
26243,119187092,Age of Empires II HD Edition,26.0
26298,210413509,Age of Empires II HD Edition,173.0
26299,210413509,Age of Empires III Complete Collection,49.0
26320,132014951,Robocraft,13.6
26338,99255590,Worms Clan Wars,3.4
26368,23386002,Fallout 3,30.0
26378,264816680,Robocraft,7.1
26409,97743306,Football Manager 2013,13.7
26458,186483761,Skyborn,3.6
26481,186483761,Robocraft,0.2
26500,975449,Napoleon Total War,37.0
26620,975449,Avadon The Black Fortress,0.7
26627,975449,A Valley Without Wind 2,0.5
26628,975449,Shadow Warrior,0.5
26649,975449,Osmos,0.3
26685,975449,Titan Quest,0.1
26737,107818793,Robocraft,20.0
26754,99129765,"Warhammer 40,000 Space Marine",95.0
26765,33865373,Fallout 3,134.0
26830,33865373,Deus Ex Invisible War,4.6
26874,33865373,Dead Space,0.8
26895,33865373,Sid Meier's Civilization IV Colonization,0.4
26900,33865373,Osmos,0.3
26910,33865373,Avadon The Black Fortress,0.2
26924,33865373,Quarries of Scred,0.1
27003,127344335,Robocraft,3.0
27029,127344335,Time Clickers,0.3
27036,211569574,Age of Empires II HD Edition,139.0
27046,132784716,Football Manager 2013,97.0
27171,96588736,Worms Clan Wars,1.7
27200,126522515,Robocraft,14.7
27202,126522515,F.E.A.R. Online,8.9
27274,124437057,Serena,1.5
27275,124437057,Shadow Warrior,1.4
27304,14544587,Time Clickers,57.0
27322,14544587,Fractured Space,6.2
27505,86469479,Titan Quest,0.3
27775,84513749,Age of Empires III Complete Collection,0.5
27800,17995238,"Warhammer 40,000 Space Marine",58.0
27977,53091150,Age of Empires II HD Edition,7.1
27993,53091150,BIT.TRIP Presents... Runner2 Future Legend of Rhythm Alien,3.2
28015,53091150,Thomas Was Alone,1.4
28023,53091150,Osmos,0.9
28030,53091150,Goodbye Deponia,0.7
28096,66650717,Napoleon Total War,115.0
28118,66650717,Fractured Space,20.0
28120,66650717,Age of Empires II HD Edition,18.4
28128,66650717,Robocraft,14.0
28160,226490758,Robocraft,3.3
28166,47240858,Napoleon Total War,65.0
28170,47240858,Titan Quest,0.7
28176,55300764,Fallout 3,14.1
28249,260538236,Robocraft,84.0
28303,264438536,Robocraft,22.0
28319,283872900,Time Clickers,47.0
28327,104870123,Age of Empires II HD Edition,44.0
28439,261067712,Robocraft,8.5
28536,250826540,Robocraft,1.9
28656,190708114,Robocraft,1.0
28682,154014392,Robocraft,32.0
28836,70778973,Shadow Warrior,6.4
28839,70778973,Age of Empires II HD Edition,4.9
28840,70778973,Age of Empires III Complete Collection,0.5
28863,119619506,F.E.A.R. Online,6.8
28899,119619506,The Forgotten Ones,0.3
28924,49342564,Napoleon Total War,128.0
28928,49342564,Age of Empires II HD Edition,89.0
28940,49342564,Age of Empires III Complete Collection,8.9
28960,49342564,Earth 2160,0.2
29072,91859894,Titan Quest,0.6
29077,114024939,Football Manager 2013,518.0
29080,114024939,Napoleon Total War,0.1
29178,8585433,Desktop Dungeons,3.8
29277,42771635,Osmos,3.1
29298,42771635,F.E.A.R. Online,0.2
29306,225392937,Robocraft,0.5
29322,90786657,Football Manager 2013,578.0
29366,48149238,Napoleon Total War,0.1
29401,49630184,rymdkapsel,1.1
29419,17017968,Age of Empires II HD Edition,247.0
29442,126200826,Napoleon Total War,1.1
29493,146007471,Robocraft,18.4
29537,75368808,Napoleon Total War,219.0
29550,75368808,Age of Empires III Complete Collection,54.0
29570,75368808,Sid Meier's Civilization IV Colonization,10.7
29650,34919318,Dead Space,12.1
29667,34919318,Age of Empires III Complete Collection,3.4
29678,34919318,Dead Horde,1.7
29682,34919318,Age of Empires II HD Edition,1.5
29822,47384202,Shadow Warrior,0.9
29828,47384202,Medal of Honor(TM) Single Player,0.6
29837,47384202,Thief Gold,0.2
29884,170485590,The Clans - Saga of the Twins,4.7
29916,208982674,Robocraft,64.0
29967,99264709,Robocraft,21.0
30050,99264709,Trials Evolution Gold Edition,0.5
30082,81746734,F.E.A.R. Online,2.1
30121,74521316,Medal of Honor(TM) Single Player,0.1
30141,288274882,Robocraft,0.2
30146,192582507,Robocraft,14.4
30163,80351692,Age of Empires III Complete Collection,36.0
30183,201122970,Robocraft,1.3
30266,88035166,Thomas Was Alone,0.6
30267,88035166,Medal of Honor(TM) Single Player,0.6
30371,44472980,"Warhammer 40,000 Space Marine",42.0
30373,44472980,Age of Empires II HD Edition,37.0
30413,44472980,BIT.TRIP Presents... Runner2 Future Legend of Rhythm Alien,1.9
30419,44472980,Guardians of Middle-earth,1.3
30429,44472980,Dead Space,0.5
30498,11161178,X3 Terran Conflict,0.6
30511,11161178,Age of Empires III Complete Collection,0.2
30557,141721383,Robocraft,79.0
30584,141721383,March of War,1.5
30643,175447188,Robocraft,355.0
30680,145606876,Titan Quest,2.9
30710,216088282,Robocraft,7.6
30749,127311699,Shadow Warrior,24.0
30779,127311699,Age of Empires II HD Edition,0.5
30840,22301321,State of Decay,3.4
30890,22301321,Medal of Honor(TM) Single Player,1.2
30906,22301321,"Warhammer 40,000 Space Marine",0.9
30967,22301321,Arma 2 British Armed Forces,0.3
31002,217289318,Robocraft,1.2
31154,122492047,Football Manager 2013,309.0
31188,99613502,Napoleon Total War,42.0
31202,124537977,Football Manager 2013,46.0
31264,107743243,SkyDrift,0.1
31324,158891314,Age of Empires II HD Edition,31.0
31381,6928806,Age of Empires II HD Edition,4.8
31385,6928806,Fallout 3,2.4
31390,6928806,Titan Quest,0.5
31404,216785107,Age of Empires III Complete Collection,28.0
31422,113544961,Robocraft,32.0
31443,106980036,Robocraft,13.9
31452,106980036,Age of Empires II HD Edition,4.4
31518,59205262,Age of Empires II HD Edition,3.4
31519,59205262,Time Clickers,2.7
31588,119236075,Age of Empires II HD Edition,4.6
31611,234446915,Robocraft,13.9
31694,113752996,Worms Clan Wars,5.1
31700,113752996,Dead Realm,4.0
31701,113752996,Trials Evolution Gold Edition,4.0
31739,113752996,Robocraft,0.2
31741,113752996,Dead Space,0.1
31764,131444737,Worms Clan Wars,4.3
31766,131444737,Robocraft,3.7
31786,80363319,State of Decay,48.0
31791,80363319,Napoleon Total War,27.0
31815,186099130,Robocraft,16.1
31822,118031880,State of Decay,118.0
31944,90532259,Football Manager 2013,319.0
31975,1936551,"Warhammer 40,000 Space Marine",11.2
31982,1936551,Sid Meier's Civilization IV Colonization,7.4
31984,1936551,Napoleon Total War,7.1
32003,1936551,Jagged Alliance 2 Gold Pack,1.6
32121,11794760,Osmos,1.4
32126,11794760,State of Decay,1.1
32138,11794760,Age of Empires II HD Edition,0.7
32154,11794760,Dead Space,0.3
32162,11794760,X3 Terran Conflict,0.2
32280,170853969,Robocraft,0.8
32281,170853969,March of War,0.3
32408,55334302,Napoleon Total War,220.0
32431,52723676,"Warhammer 40,000 Space Marine",28.0
32449,128925610,Robocraft,2.1
32452,128925610,Serena,1.6
32453,128925610,F.E.A.R. Online,1.1
32469,42363887,Football Manager 2013,934.0
32514,47163562,Football Manager 2013,110.0
32521,58897206,Football Manager 2013,19.3
32627,57603447,Shadow Warrior,3.9
32752,27403206,Dead Space,2.9
32753,27403206,Age of Empires III Complete Collection,2.7
32772,27403206,Among Ripples,0.1
32837,33622085,Trials Evolution Gold Edition,5.7
32864,33622085,Titan Quest,1.5
32872,33622085,BIT.TRIP Presents... Runner2 Future Legend of Rhythm Alien,0.9
32906,160598077,Napoleon Total War,8.8
32993,104418870,Deus Ex Invisible War,1.6
33001,135554311,Robocraft,6.1
33027,71527252,State of Decay,30.0
33053,71527252,Shadow Warrior,6.8
33091,71527252,A Valley Without Wind 2,0.1
33125,42935819,Football Manager 2013,1090.0
33256,59536273,Robocraft,0.6
33321,105274697,Football Manager 2013,293.0
33333,111820040,"Warhammer 40,000 Space Marine",1.3
33355,95853467,Robocraft,6.7
33375,196931524,Robocraft,2.1
33461,119909634,Medal of Honor(TM) Single Player,0.8
33483,38465050,Trials Evolution Gold Edition,9.1
33485,38465050,Thomas Was Alone,7.7
33503,38465050,Windosill,0.8
33506,38465050,Robocraft,0.7
33518,38465050,Haunted House,0.2
33617,51557405,Trials Evolution Gold Edition,19.8
33686,51557405,Age of Empires III Complete Collection,4.9
33690,51557405,BIT.TRIP Presents... Runner2 Future Legend of Rhythm Alien,4.5
33701,51557405,State of Decay,3.4
33712,51557405,Space Channel 5 Part 2,2.7
33731,51557405,Thomas Was Alone,1.7
33746,51557405,X3 Terran Conflict,1.3
33788,51557405,Osmos,0.3
33796,51557405,Thief Gold,0.2
33826,284729488,Robocraft,1.3
33841,189304702,Robocraft,13.4
33899,149920224,Robocraft,1.1
33919,161659407,Age of Empires II HD Edition,5.8
33925,161659407,The Kings' Crusade,2.7
33949,100741663,Age of Empires II HD Edition,0.9
33988,45977895,Napoleon Total War,19.4
34015,247032504,Robocraft,0.5
34054,55367062,Trials Evolution Gold Edition,25.0
34128,139695479,March of War,0.5
34137,129300430,March of War,0.1
34151,199628395,Age of Empires III Complete Collection,50.0
34197,134516625,9.03m,0.3
34313,81579335,Age of Empires II HD Edition,57.0
34333,82778779,Robocraft,0.3
34346,242523654,Age of Empires III Complete Collection,1.0
34349,242523654,Age of Empires II HD Edition,0.7
34385,58530556,Fallout 3,1.0
34393,30246419,Titan Quest,51.0
34402,30246419,Age of Empires II HD Edition,17.7
34441,30246419,TrackMania Valley,5.5
34447,30246419,State of Decay,4.2
34477,30246419,Miasmata,1.8
34480,30246419,SkyDrift,1.4
34502,30246419,BIT.TRIP Presents... Runner2 Future Legend of Rhythm Alien,0.7
34556,53155177,Football Manager 2013,79.0
34597,80550861,Age of Empires II HD Edition,0.1
34669,167167647,Robocraft,14.3
34752,155420511,Fallout 3,1.7
34776,10181060,Age of Empires III Complete Collection,14.0
34779,10181060,Age of Empires II HD Edition,0.5
34839,88525821,Age of Empires II HD Edition,21.0
34932,127272741,Time Clickers,24.0
34946,127272741,Fallout 3,8.4
34953,127272741,Robocraft,5.6
34961,127272741,Age of Empires II HD Edition,4.0
35082,35701646,Osmos,1.3
35128,135865220,Robocraft,48.0
35169,188988198,Robocraft,0.2
35177,137158399,Robocraft,11.1
35194,89479298,"Warhammer 40,000 Space Marine",0.7
35246,107567915,SkyDrift,1.9
35285,121497634,State of Decay,22.0
35314,129808247,MLB 2K12,7.7
35422,90154516,Titan Quest,5.7
35473,33995654,Napoleon Total War,105.0
35513,224396593,Robocraft,5.9
35566,11731710,State of Decay,0.9
35599,184554757,The Forgotten Ones,1.4
35656,32710856,Titan Quest,0.1
35700,137949393,Robocraft,0.2
35706,130534025,Age of Empires II HD Edition,4.1
35754,160883669,Robocraft,17.6
35822,130312302,Thomas Was Alone,7.2
35855,130312302,BIT.TRIP Presents... Runner2 Future Legend of Rhythm Alien,0.2
35865,253205489,Robocraft,4.5
35889,42849279,Football Manager 2013,848.0
35893,42849279,Age of Empires III Complete Collection,7.0
35902,66438889,Close Combat - Gateway to Caen,1.0
35932,160299889,Robocraft,87.0
36073,123625432,Worms Clan Wars,1.9
36109,69849141,Napoleon Total War,85.0
36188,156071982,Polarity,2.8
36194,156071982,Robocraft,2.4
36215,159277759,State of Decay,0.2
36237,286084810,Dead Realm,10.4
36240,146145063,Robocraft,217.0
36261,178038549,Fallout 3,6.7
36329,180901075,Skyborn,1.8
36382,222363622,Robocraft,223.0
36420,127335438,Age of Empires II HD Edition,15.5
36600,191937970,Robocraft,0.7
36613,106454385,Football Manager 2013,6.0
36627,113205285,Football Manager 2013,1.9
36656,46785501,Earth 2160,16.4
36657,46785501,Age of Empires II HD Edition,15.0
36664,46785501,Napoleon Total War,5.5
36667,46785501,Earth 2150 Trilogy,3.6
36690,103563010,Football Manager 2013,20.0
36776,191244808,Robocraft,0.3
36812,111212436,Robocraft,25.0
36912,96400571,Robocraft,8.8
36958,172771532,Robocraft,83.0
36984,62705916,Napoleon Total War,291.0
37167,79073449,Napoleon Total War,5.4
37202,110238251,Napoleon Total War,65.0
37351,45617627,Robocraft,0.2
37369,53711793,Medal of Honor(TM) Single Player,3.2
37428,195780309,Robocraft,0.1
37483,55761025,Napoleon Total War,0.2
37503,166863117,Robocraft,3.5
37507,166863117,State of Decay,2.4
37539,58761868,Medal of Honor(TM) Single Player,46.0
37664,209450381,Age of Empires II HD Edition,41.0
37786,71510748,Thomas Was Alone,1.3
37848,28472068,Trials Evolution Gold Edition,55.0
37864,28472068,Titan Quest,6.3
37953,101142088,Age of Empires II HD Edition,10.4
37964,70075801,Napoleon Total War,38.0
38025,7907686,Age of Empires III Complete Collection,2.7
38041,7907686,Age of Empires II HD Edition,0.7
38063,240551525,Robocraft,6.6
38159,27279261,Age of Empires II HD Edition,2.6
38173,27279261,Medal of Honor(TM) Single Player,1.4
38201,27279261,Fractured Space,0.3
38216,151331732,Age of Empires II HD Edition,7.3
38236,100769089,Robocraft,0.1
38279,90117736,Football Manager 2013,150.0
38287,81151589,Napoleon Total War,17.4
38327,32644336,Tom Clancy's Splinter Cell Double Agent,2.4
38329,32644336,Dead Space,1.3
38376,81160212,"Warhammer 40,000 Space Marine",11.4
38428,35177894,"Warhammer 40,000 Space Marine",38.0
38459,23608098,Age of Empires II HD Edition,23.0
38558,67729331,Age of Empires II HD Edition,40.0
38563,67729331,Medal of Honor(TM) Single Player,8.9
38589,67729331,RAW - Realms of Ancient War,0.5
38651,185130561,Robocraft,0.9
38665,2643609,Trials Evolution Gold Edition,35.0
38801,90272527,Robocraft,2.5
38839,63157803,"Warhammer 40,000 Space Marine",110.0
38871,63157803,Dead Space,8.2
38886,63157803,Age of Empires II HD Edition,0.4
38917,57368001,Robocraft,3.3
38921,57368001,Fractured Space,1.8
39069,120164786,Football Manager 2013,82.0
39073,120164786,Age of Empires II HD Edition,5.2
39078,42695514,Football Manager 2013,248.0
39198,123875734,Sphere III Enchanted World,2.0
39236,202618978,Age of Empires II HD Edition,3.5
39248,211454678,Robocraft,44.0
39286,211454678,RWBY Grimm Eclipse,0.4
39374,266479412,Robocraft,1.2
39418,283922576,Shadow Warrior,0.8
39433,245390247,Robocraft,2.7
39469,108639015,Napoleon Total War,1.8
39533,17530772,State of Decay,18.5
39578,17530772,Trials Evolution Gold Edition,9.0
39592,17530772,Medal of Honor(TM) Single Player,6.1
39598,17530772,Dead Space,5.0
39605,17530772,"Warhammer 40,000 Space Marine",4.4
39656,17530772,Age of Empires III Complete Collection,0.6
39658,17530772,Dead Realm,0.6
39683,17530772,Napoleon Total War,0.2
39726,95780749,BIT.TRIP Presents... Runner2 Future Legend of Rhythm Alien,0.4
39864,213720494,Fallout 3,6.0
39885,52731290,Dead Space,40.0
39903,220680498,Time Clickers,9.0
39915,220680498,Robocraft,0.3
39991,11940338,Thomas Was Alone,0.8
40060,95181268,March of War,5.8
40066,95181268,Robocraft,2.6
40078,95181268,Time Clickers,0.2
40120,89226643,Napoleon Total War,29.0
40175,165101762,F.E.A.R. Online,1.8
40298,77194239,"Warhammer 40,000 Space Marine",0.6
40356,237044358,Robocraft,1.6
40362,119211507,Football Manager 2013,63.0
40398,93341815,Age of Empires III Complete Collection,23.0
40402,93341815,Robocraft,12.5
40443,259611075,Robocraft,1.0
40494,97818502,Age of Empires II HD Edition,12.1
40510,86732465,Age of Empires III Complete Collection,1.0
40551,207869089,Robocraft,1.0
40582,128207897,F.E.A.R. Online,0.7
40672,174923254,Robocraft,5.5
40730,165240612,Among Ripples,1.3
40745,141402600,Worms Clan Wars,2.5
40756,192282418,Robocraft,9.2
40847,97614578,Robocraft,5.0
40862,188394070,Robocraft,0.2
40863,188394070,State of Decay,0.2
40886,176284441,F.E.A.R. Online,0.4
40894,59234901,Robocraft,0.7
40917,117370965,Skyscraper Simulator,0.2
40927,103445207,Age of Empires III Complete Collection,108.0
40998,68719896,Age of Empires II HD Edition,13.4
41041,47296055,Napoleon Total War,1.0
41130,17567828,Napoleon Total War,4.3
41138,17567828,State of Decay,2.4
41139,17567828,Fractured Space,2.3
41161,17567828,X3 Terran Conflict,0.3
41174,88775181,Robocraft,65.0
41201,88775181,Fractured Space,0.8
41236,181564172,Robocraft,92.0
41275,102268574,Robocraft,206.0
41364,128651888,Fractured Space,1.8
41381,117657402,Napoleon Total War,15.6
41411,82352462,Age of Empires II HD Edition,10.1
41545,189441775,Robocraft,7.1
41585,46252394,Football Manager 2013,149.0
41601,121593653,Napoleon Total War,1.0
41671,105277989,Age of Empires III Complete Collection,17.2
41696,175001491,Polarity,43.0
41708,175001491,Robocraft,1.9
41716,175001491,Time Clickers,0.1
41736,164820245,Age of Empires III Complete Collection,5.3
41751,240497102,Robocraft,1.0
41828,94936385,Sniper Elite Nazi Zombie Army 2,3.9
41888,54761333,UFO Aftermath,6.6
41899,54761333,Sid Meier's Civilization IV Colonization,1.0
42021,118852041,Sniper Elite Nazi Zombie Army 2,7.5
42096,118852041,Arma 2 British Armed Forces,0.2
42129,16084897,State of Decay,17.6
42212,131348564,Age of Empires II HD Edition,167.0
42228,131348564,Robocraft,21.0
42286,116515230,Earth 2160,26.0
42299,116515230,Men of War Red Tide,1.6
42310,159852613,Robocraft,42.0
42378,55751308,Robocraft,10.6
42462,101695880,Fallout 3,4.4
42474,101695880,Dead Space,1.2
42480,101695880,Titan Quest,1.0
42499,101695880,Robocraft,0.1
42510,48798067,Napoleon Total War,174.0
42586,48798067,Dead Space,13.5
42634,48798067,Shadow Warrior,6.2
42655,48798067,War of the Roses Balance Beta,4.3
42660,48798067,Shipwreck,4.2
42713,48798067,Thief Gold,0.9
42720,48798067,Medal of Honor(TM) Single Player,0.7
42774,48492052,Robocraft,10.6
42800,161139120,Robocraft,30.0
42819,193196975,Time Clickers,1.4
42828,205829374,Age of Empires II HD Edition,141.0
42881,62990992,Napoleon Total War,34.0
42923,62990992,Pongo,14.8
42929,62990992,"Warhammer 40,000 Space Marine",13.5
42937,62990992,Age of Empires II HD Edition,12.7
42961,62990992,Anoxemia,9.9
42999,62990992,RAW - Realms of Ancient War,7.0
43008,62990992,Polarity,6.4
43070,62990992,Skyborn,3.6
43082,62990992,Age of Empires III Complete Collection,3.3
43091,62990992,Revolution Ace,3.2
43100,62990992,BloodRayne Betrayal,3.1
43108,62990992,Shadow Warrior,2.9
43214,62990992,Major Mayhem,1.6
43222,62990992,Guardians of Middle-earth,1.5
43323,62990992,Dead Horde,0.6
43346,62990992,Fractured Space,0.1
43394,96648859,Napoleon Total War,28.0
43424,116338192,Football Manager 2013,3.5
43450,118991581,Football Manager 2013,582.0
43493,10302000,Football Manager 2013,433.0
43554,242694628,Robocraft,2.6
43562,192645567,Robocraft,1.9
43594,113196318,Napoleon Total War,305.0
43620,113196318,March of War,7.3
43661,190074593,Age of Empires II HD Edition,5.5
43756,76892907,Age of Empires III Complete Collection,5.9
43762,76892907,Age of Empires II HD Edition,3.0
43778,76892907,"Warhammer 40,000 Kill Team",1.1
43781,76892907,"Warhammer 40,000 Space Marine",0.9
43801,76892907,Street Fighter X Tekken,0.4
43839,118433250,Football Manager 2013,56.0
43992,76047408,Napoleon Total War,3.1
44036,44321815,Titan Quest,7.4
44101,10450544,Dead Space,3.2
44110,10450544,Shadow Warrior,1.9
44120,10450544,Clutch,1.0
44121,10450544,BIT.TRIP Presents... Runner2 Future Legend of Rhythm Alien,1.0
44176,79211079,F.E.A.R. Online,5.2
44250,36557643,Age of Empires III Complete Collection,2.8
44316,36557643,Miasmata,0.2
44319,36557643,World Basketball Manager 2010,0.2
44384,46028967,Medal of Honor(TM) Single Player,1.0
44499,64023574,Fallout 3,11.0
44526,64023574,F.E.A.R. Online,0.8
44532,64023574,State of Decay,0.3
44541,68532738,Dead Space,4.8
44608,90711776,Age of Empires II HD Edition,2.0
44641,125508547,Football Manager 2013,162.0
44678,167118460,Time Clickers,8.6
44683,167118460,Robocraft,2.2
44832,19696244,Thomas Was Alone,1.3
44844,19696244,Thief Gold,0.1
44890,46405162,Napoleon Total War,171.0
44944,92250668,Age of Empires III Complete Collection,0.1
44973,239511574,Robocraft,0.2
44985,125249652,Football Manager 2013,0.6
45001,274624060,Robocraft,1.8
45074,63895034,Robocraft,0.9
45123,204679729,Robocraft,0.1
45140,48921893,Napoleon Total War,20.0
45158,186323628,Robocraft,0.9
45185,132748085,F.E.A.R. Online,3.1
45194,132748085,Robocraft,1.5
45222,132748085,Polarity,0.2
45286,99374297,Robocraft,86.0
45330,58967365,Diaper Dash,0.3
45390,49228258,Dead Space,7.9
45464,49228258,Titan Quest,0.5
45594,92612763,Napoleon Total War,27.0
45605,92612763,Age of Empires II HD Edition,4.6
45623,210018093,Robocraft,0.3
45669,115167911,Hylics,0.4
45677,194432540,Robocraft,3.9
45737,192031349,Age of Empires II HD Edition,38.0
45752,45532207,Hunting Unlimited 2010,4.1
45793,191979928,Napoleon Total War,0.4
45806,49624770,Napoleon Total War,13.4
45809,49624770,Fractured Space,0.3
45854,159371621,Dead Horde,0.1
45910,119937035,Robocraft,49.0
45998,124725852,Worms Clan Wars,0.7
46041,154940949,F.E.A.R. Online,0.3
46048,231026651,Robocraft,51.0
46101,26808868,Dead Space,15.1
46137,26808868,Napoleon Total War,0.3
46138,26808868,Fallout 3,0.2
46168,18500119,Robocraft,9.6
46180,10599862,Football Manager 2013,322.0
46223,10599862,Napoleon Total War,43.0
46227,10599862,State of Decay,35.0
46239,10599862,X3 Terran Conflict,29.0
46321,10599862,Age of Empires III Complete Collection,1.7
46323,10599862,Titan Quest,1.5
46333,10599862,Men of War Red Tide,0.8
46450,70915652,Titan Quest,1.3
46466,38436635,Robocraft,52.0
46538,98848653,State of Decay,47.0
46566,98848653,Fractured Space,7.0
46631,122956129,Robocraft,700.0
46645,62885387,Napoleon Total War,1.1
46656,135244036,Robocraft,23.0
46693,115109218,Football Manager 2013,217.0
46735,14962163,Robocraft,228.0
46741,14962163,Age of Empires II HD Edition,82.0
46773,14962163,Revolution Ace,0.2
46788,40080833,Football Manager 2013,640.0
46969,50131557,Football Manager 2013,177.0
47004,8784496,Titan Quest,10.2
47009,8784496,Tom Clancy's Splinter Cell Double Agent,4.9
47064,178423779,Dead Space,0.6
47079,177444568,Age of Empires II HD Edition,6.6
47081,177444568,Age of Empires III Complete Collection,4.3
47170,231333981,Robocraft,1.5
47191,163930591,Robocraft,7.4
47209,163930591,State of Decay,0.6
47276,161663718,Robocraft,0.1
47286,235758386,Fallout 3,0.1
47340,45592640,X3 Terran Conflict,17.3
47344,45592640,Deus Ex Invisible War,6.5
47350,45592640,Men of War Red Tide,2.3
47367,293578749,Robocraft,0.4
47451,85497862,Robocraft,4.7
47535,224532667,Robocraft,0.9
47547,224754050,Robocraft,3.0
47593,251732117,Robocraft,0.2
47646,56436338,Football Manager 2013,546.0
47654,183983684,Robocraft,0.9
47697,174002551,Age of Empires II HD Edition,9.1
47731,167815968,Gurumin A Monstrous Adventure,2.4
47737,167815968,RWBY Grimm Eclipse,1.5
47769,165755355,Fallout 3,8.0
47796,165755355,Robocraft,0.7
47839,95699780,Trials Evolution Gold Edition,4.1
47879,43284145,Napoleon Total War,124.0
47903,46951849,Napoleon Total War,26.0
47932,72978546,Age of Empires II HD Edition,8.2
48003,154208464,March of War,0.4
48170,129117376,BIT.TRIP Presents... Runner2 Future Legend of Rhythm Alien,0.2
48194,123734483,Robocraft,6.7
48230,220561138,Robocraft,0.3
48284,74855005,Age of Empires II HD Edition,17.0
48337,162894140,Robocraft,3.5
48356,83625754,Titan Quest,0.3
48423,194641575,X3 Terran Conflict,1.2
48460,181666776,Robocraft,0.3
48464,231221037,Age of Empires II HD Edition,190.0
48513,238700575,Robocraft,0.4
48525,149810726,State of Decay,14.3
48547,222008249,Robocraft,12.6
48558,186167611,Robocraft,9.3
48571,107107474,Football Manager 2013,120.0
48594,95084569,Dead Realm,6.7
48627,5990132,Mad Games Tycoon,12.4
48664,107476377,Sid Meier's Civilization IV Colonization,0.2
48680,35047392,Call of Duty United Offensive,360.0
48759,83770731,Titan Quest,0.7
48763,83770731,Fractured Space,0.4
48766,83770731,Guardians of Middle-earth,0.3
48771,83770731,Robocraft,0.2
48778,82287546,Football Manager 2013,569.0
48883,39319649,Napoleon Total War,43.0
48927,101596530,Dead Realm,16.5
48989,108114779,Robocraft,1.2
48995,30912860,Shadow Warrior,22.0
49021,30912860,BIT.TRIP Presents... Runner2 Future Legend of Rhythm Alien,1.0
49036,30912860,Thomas Was Alone,0.4
49070,155919035,Mad Games Tycoon,26.0
49087,155919035,Robocraft,7.4
49145,155919035,Revolution Ace,2.9
49147,155919035,Skyborn,2.9
49151,155919035,Polarity,2.8
49193,155919035,Thomas Was Alone,1.1
49240,33659046,Football Manager 2013,23.0
49252,33659046,Dead Realm,0.6
49266,156818121,Robocraft,18.7
49275,156818121,Dead Space,10.9
49345,59662830,"Warhammer 40,000 Space Marine",114.0
49353,59662830,Titan Quest,38.0
49385,59662830,"Warhammer 40,000 Kill Team",5.4
49571,211191233,Age of Empires II HD Edition,12.7
49572,211191233,Age of Empires III Complete Collection,0.6
49640,31187179,Miasmata,3.7
49691,168771588,Robocraft,52.0
49906,92503355,Thomas Was Alone,0.4
49917,72627862,Robocraft,2.3
49988,255007865,Robocraft,0.2
49990,46957399,Napoleon Total War,1193.0
50013,289918864,Age of Empires II HD Edition,48.0
50014,71875007,Football Manager 2013,586.0
50134,200282141,Robocraft,0.3
50202,40212239,Age of Empires II HD Edition,11.1
50209,40212239,"Warhammer 40,000 Space Marine",8.7
50236,40212239,Age of Empires III Complete Collection,4.0
50240,40212239,Napoleon Total War,3.7
50333,72523666,Desktop Dungeons,19.1
50363,76723339,Napoleon Total War,2.0
50458,103774615,Football Manager 2013,95.0
50538,112626210,Age of Empires II HD Edition,15.8
50548,112626210,Robocraft,4.3
50644,103731895,Time Clickers,0.5
50648,103731895,Revolution Ace,0.3
50651,103731895,Robocraft,0.2
50658,209817175,Robocraft,302.0
50720,174762197,Robocraft,44.0
50932,561758,Osmos,10.4
50939,561758,Medal of Honor(TM) Single Player,7.2
50962,561758,Dead Space,1.4
50990,185259386,Robocraft,0.9
50996,48626533,Age of Empires II HD Edition,51.0
51072,159484357,Shadow of Kingdoms,1.3
51117,127072755,Fallout 3,11.0
51126,127072755,Age of Empires II HD Edition,5.2
51150,127072755,State of Decay,0.7
51160,127072755,Age of Empires III Complete Collection,0.2
51221,114789855,Football Manager 2013,14.5
51228,163162333,Robocraft,39.0
51277,195974700,Robocraft,21.0
51303,12760368,State of Decay,1.0
51310,12760368,Titan Quest,0.1
51359,13190476,"Warhammer 40,000 Space Marine",17.5
51432,13190476,Thomas Was Alone,0.3
51433,13190476,Age of Empires II HD Edition,0.3
51434,13190476,Deus Ex Invisible War,0.3
51444,87185898,Napoleon Total War,5.3
51480,168732483,Call of Duty United Offensive,3.5
51545,60611062,Shadow Warrior,18.3
51555,60611062,Dead Space,11.4
51604,60611062,Robocraft,0.7
51614,60611062,F.E.A.R. Online,0.3
51619,60611062,Shadow Warrior Classic (1997),0.2
51648,203831787,Robocraft,0.2
51684,80494893,Age of Empires II HD Edition,94.0
51763,196231194,Age of Empires II HD Edition,9.7
51797,169054646,Robocraft,1.4
51816,211363179,Robocraft,7.3
51943,78551564,Napoleon Total War,110.0
51956,196609297,Robocraft,7.9
52007,116876958,Shadow Warrior,9.1
52033,116876958,Age of Empires II HD Edition,6.1
52052,116876958,Medal of Honor(TM) Single Player,4.3
52066,116876958,Anoxemia,3.8
52092,116876958,Goodbye Deponia,3.3
52175,116876958,State of Decay,0.3
52187,92484390,RAW - Realms of Ancient War,2.8
52278,123165817,Robocraft,0.8
52284,90685977,Football Manager 2013,85.0
52319,40601456,Age of Empires II HD Edition,492.0
52392,187463594,Fractured Space,0.2
52453,19085114,Age of Empires III Complete Collection,29.0
52530,153991478,F.E.A.R. Online,0.2
52594,8259307,Age of Empires II HD Edition,0.5
52652,88410966,Time Clickers,0.3
52666,47063596,Napoleon Total War,69.0
52689,12144171,Fallout 3,56.0
52719,12144171,Street Fighter X Tekken,4.1
52743,12144171,Zotrix,0.5
52767,144679568,Age of Empires III Complete Collection,7.2
52793,54291917,Dead Space,1.5
52795,54291917,State of Decay,0.6
52806,130342360,Football Manager 2013,380.0
52837,11970504,Napoleon Total War,19.1
52843,11970504,Robocraft,15.5
52948,258363805,Age of Empires II HD Edition,7.6
52951,127208680,Age of Empires II HD Edition,18.3
53114,241862248,Robocraft,134.0
53156,33518079,System Protocol One,8.5
53192,65145468,Fallout 3,21.0
53237,90261045,Napoleon Total War,0.3
53313,115632831,SkyDrift,12.2
53327,115632831,Dead Space,0.8
53426,16645459,Thomas Was Alone,4.4
53450,16645459,Gurumin A Monstrous Adventure,0.2
53452,16645459,Space Channel 5 Part 2,0.1
53503,73195149,Age of Empires II HD Edition,10.3
53562,224070533,Age of Empires II HD Edition,2.4
53567,224070533,Titan Quest,1.8
53571,224070533,Age of Empires III Complete Collection,0.7
53586,137335407,Football Manager 2013,34.0
53756,86041729,Age of Empires III Complete Collection,3.1
53758,86041729,Age of Empires II HD Edition,2.9
53773,86041729,Titan Quest,0.6
53808,58297398,Age of Empires III Complete Collection,34.0
53815,58297398,Robocraft,14.9
53825,58297398,Age of Empires II HD Edition,6.5
53867,181808796,Robocraft,3.6
53908,141707530,Football Manager 2013,154.0
53940,112199961,State of Decay,19.2
53952,286926470,Titan Quest,5.9
53961,201495555,OMSI 2,217.0
53992,71777065,Medal of Honor(TM) Single Player,7.4
54049,10218563,Titan Quest,1.2
54057,222600281,Robocraft,53.0
54169,10253354,Medal of Honor(TM) Single Player,5.2
54235,138329382,Age of Empires II HD Edition,8.1
54263,95037089,Age of Empires II HD Edition,4.9
54268,299211913,Age of Empires II HD Edition,9.4
54318,30519870,Medal of Honor(TM) Single Player,3.7
54359,30519870,Age of Empires II HD Edition,0.2
54370,170201716,Robocraft,77.0
54422,190060278,Robocraft,38.0
54457,144845684,Robocraft,8.0
54513,39899978,State of Decay,4.9
54540,81439192,Dead Space,9.5
54558,81439192,Thief Gold,1.6
54646,169653526,Robocraft,2.1
54701,83090686,Robocraft,16.8
54722,83090686,TrackMania Valley,1.3
54728,83090686,BIT.TRIP Presents... Runner2 Future Legend of Rhythm Alien,0.4
54762,202195289,Robocraft,19.6
54767,101339059,Napoleon Total War,302.0
54787,101339059,Dangerous Waters,0.5
54884,11149819,Osmos,1.0
54890,11149819,Windosill,0.8
54910,11149819,QuantZ,0.2
54926,75155353,Robocraft,110.0
54985,31817706,Football Manager 2013,407.0
55005,50700418,Age of Empires II HD Edition,22.0
55021,50700418,Dead Space,3.2
55038,50700418,Age of Empires III Complete Collection,1.0
55131,186022495,Robocraft,2.0
55165,32126281,Napoleon Total War,489.0
55202,32126281,Age of Empires II HD Edition,12.5
55205,32126281,Age of Empires III Complete Collection,8.9
55231,32126281,Men of War Red Tide,0.4
55296,96556535,Thomas Was Alone,0.5
55303,116966965,Football Manager 2013,17.1
55305,121248758,Football Manager 2013,570.0
55352,156286815,Napoleon Total War,14.0
55399,134322141,RWBY Grimm Eclipse,2.8
55467,110478743,Dead Space,3.6
55487,99200665,Football Manager 2013,8.1
55498,130475480,Age of Empires II HD Edition,106.0
55499,130475480,Age of Empires III Complete Collection,0.8
55527,182229935,Robocraft,7.4
55675,254201131,Robocraft,19.0
55681,61495434,Napoleon Total War,35.0
55696,205285563,Age of Empires III Complete Collection,3.1
55710,205285563,Fallout 3,0.4
55789,203838394,Robocraft,4.8
55814,183771438,Robocraft,0.1
55862,44545959,Fallout 3,64.0
55920,303129589,Age of Empires II HD Edition,1.1
55941,118189718,Dead Realm,1.1
55952,127117386,Age of Empires II HD Edition,31.0
55966,239919157,Robocraft,1.1
55994,105243827,State of Decay,9.5
55995,105243827,Age of Empires II HD Edition,8.0
55996,105243827,Napoleon Total War,7.3
56012,105243827,Age of Empires III Complete Collection,1.2
56049,80859196,Napoleon Total War,9.4
56065,258531019,Robocraft,7.7
56088,173102243,Robocraft,90.0
56094,133217805,Football Manager 2013,61.0
56114,75240572,Age of Empires II HD Edition,29.0
56143,101878879,Age of Empires II HD Edition,2.3
56147,101878879,Shadow Warrior,0.5
56150,101878879,Sid Meier's Civilization IV Colonization,0.1
56196,11952990,Thomas Was Alone,0.9
56281,41559627,Medal of Honor(TM) Single Player,0.4
56309,294620986,Robocraft,3.0
56395,16154372,Age of Empires II HD Edition,2.5
56414,185526289,Robocraft,16.6
56467,135503830,Football Manager 2013,1022.0
56476,164695293,Robocraft,9.6
56614,172518437,Duck Dynasty,2.4
56685,67191748,Napoleon Total War,66.0
56690,90104676,Age of Empires II HD Edition,12.4
56697,148322156,Robocraft,0.9
56744,117488479,Robocraft,1.8
56791,107324790,Football Manager 2013,462.0
56806,64514291,Robocraft,29.0
56941,198850929,Robocraft,0.5
56948,39361297,Robocraft,5.9
56980,39361297,Fallout 3,0.5
57143,57500988,Fallout 3,63.0
57177,63671946,Napoleon Total War,14.1
57251,262317184,Robocraft,1.1
57321,14465359,War of the Roses Balance Beta,5.1
57325,14465359,Medal of Honor(TM) Single Player,3.8
57398,63441290,MLB 2K12,33.0
57439,63441290,Titan Quest,4.6
57446,63441290,Guardians of Middle-earth,3.0
57511,87694960,Earth 2160,0.8
57528,87694960,Deus Ex Invisible War,0.1
57532,295204318,Age of Empires II HD Edition,3.6
57544,155003926,Robocraft,0.4
57601,67579257,Age of Empires II HD Edition,40.0
57643,67579257,Sniper Elite Nazi Zombie Army 2,3.3
57652,67579257,State of Decay,2.2
57671,67579257,Medal of Honor(TM) Single Player,0.7
57674,67579257,Marlow Briggs,0.6
57803,59825286,State of Decay,18.4
57843,59825286,STAR WARS X-Wing Alliance,1.6
57889,74997600,Napoleon Total War,25.0
57897,285882402,Age of Empires II HD Edition,5.7
57911,42542226,Fallout 3,28.0
57937,165216496,F.E.A.R. Online,5.0
57940,165216496,Robocraft,4.1
58017,56436989,State of Decay,14.6
58025,56436989,Sniper Elite Nazi Zombie Army 2,6.1
58037,243398647,Napoleon Total War,1.8
58039,200821590,Age of Empires II HD Edition,1.0
58208,161816812,Robocraft,2.9
58209,161816812,Shadow Warrior,2.7
58276,73495968,Thomas Was Alone,0.5
58308,61070572,Napoleon Total War,37.0
58346,61070572,Robocraft,0.5
58363,192503967,Robocraft,14.9
58406,123904490,Robocraft,0.2
58447,176354321,Robocraft,5.9
58462,81170946,Age of Empires II HD Edition,26.0
58467,81170946,Age of Empires III Complete Collection,17.7
58519,81170946,Dead Space,0.5
58638,18149166,Sid Meier's Civilization IV Colonization,5.4
58639,18149166,Age of Empires II HD Edition,2.7
58648,175948419,Polarity,10.2
58669,213775315,Napoleon Total War,35.0
58671,213775315,Robocraft,25.0
58688,195607832,Sid Meier's Civilization IV Colonization,3.8
58689,195607832,Age of Empires II HD Edition,3.6
58786,86016715,Robocraft,63.0
58812,164643993,Robocraft,6.9
58823,221775355,Robocraft,0.6
58912,153148942,Robocraft,0.6
58953,285862168,Robocraft,5.3
58970,83497449,Age of Empires III Complete Collection,24.0
58982,83497449,Age of Empires II HD Edition,2.2
59077,50818751,F.E.A.R. Online,9.9
59124,50818751,Osmos,1.1
59317,59925638,Call of Duty United Offensive,0.1
59324,115311682,Football Manager 2013,143.0
59373,68200610,FINAL FANTASY XI,50.0
59398,58905429,State of Decay,12.3
59413,58905429,Robocraft,3.8
59440,58905429,Thomas Was Alone,1.0
59445,58905429,Guardians of Middle-earth,0.7
59447,58905429,Titan Quest,0.6
59489,120113754,Robocraft,0.6
59628,115567288,Robocraft,0.7
59650,117601858,State of Decay,132.0
59779,60608576,Sniper Elite Nazi Zombie Army 2,0.7
59781,60608576,Dead Space,0.7
59787,60608576,Medal of Honor(TM) Single Player,0.4
59804,26762388,Age of Empires II HD Edition,227.0
59920,26762388,Dead Space,2.6
59932,26762388,Sid Meier's Civilization IV Colonization,1.0
59933,26762388,Osmos,1.0
59935,26762388,QuantZ,0.9
59971,207982884,Robocraft,2.3
59975,269034196,Robocraft,1.5
60028,114030647,Age of Empires III Complete Collection,0.2
60046,164761364,Age of Empires II HD Edition,55.0
60084,122094388,Robocraft,1.9
60095,122094388,State of Decay,0.4
60126,73453691,Football Manager 2013,140.0
60133,62478196,Napoleon Total War,14.0
60379,148362155,Sniper Elite Nazi Zombie Army 2,29.0
60403,148362155,Robocraft,4.0
60494,198081354,"Warhammer 40,000 Space Marine",2.2
60514,198081354,Titan Quest,0.1
60536,43160799,"Warhammer 40,000 Space Marine",7.8
60608,126191291,Men of War Red Tide,33.0
60623,126191291,Call of Duty United Offensive,10.5
60651,126191291,State of Decay,0.4
60695,47271668,Napoleon Total War,545.0
60699,47271668,Age of Empires II HD Edition,12.6
60741,150794152,Football Manager 2013,742.0
60855,103638409,Robocraft,0.4
60885,109173829,OMSI 2,13.4
60918,102263723,X3 Terran Conflict,2.2
60944,103848468,Shadow Warrior,0.3
60957,215253129,Robocraft,21.0
60963,202706694,Robocraft,128.0
61009,69954842,Trials Evolution Gold Edition,20.0
61028,69954842,Napoleon Total War,12.5
61052,69954842,BIT.TRIP Presents... Runner2 Future Legend of Rhythm Alien,7.6
61064,69954842,Shadow Warrior,6.0
61083,69954842,Dead Space,3.9
61092,69954842,"Warhammer 40,000 Space Marine",3.3
61098,69954842,Osmos,2.7
61133,69954842,Medal of Honor(TM) Single Player,0.7
61146,69954842,State of Decay,0.3
61154,69954842,SkyDrift,0.2
61165,119103675,Football Manager 2013,361.0
61185,145117004,Robocraft,86.0
61361,43607599,Football Manager 2013,267.0
61418,138482130,Fallout 3,1.8
61501,31849177,Age of Empires III Complete Collection,0.1
61518,159800136,Dead Space,28.0
61537,159800136,F.E.A.R. Online,6.5
61555,159800136,Dead Realm,2.4
61605,159800136,Robocraft,0.2
61646,173649791,OMSI 2,7.0
61690,178465090,Robocraft,0.6
61693,171066425,Age of Empires II HD Edition,1.8
61694,239076426,Age of Empires II HD Edition,10.4
61714,101507558,Napoleon Total War,99.0
61739,117022366,OMSI 2,7.4
61844,100096071,Robocraft,3.6
61883,132258726,Football Manager 2013,5.3
61893,64319625,Napoleon Total War,27.0
61945,75134679,Napoleon Total War,14.8
61987,196595568,Robocraft,15.2
62018,188681523,Robocraft,0.2
62076,77980915,Robocraft,47.0
62087,77980915,Age of Empires II HD Edition,14.3
62121,77980915,Dead Space,0.9
62124,77980915,Fractured Space,0.7
62157,137334839,Robocraft,22.0
62212,200673341,Revolution Ace,0.9
62223,200673341,Polarity,0.3
62338,105503045,Robocraft,0.2
62348,50229934,Napoleon Total War,122.0
62368,50229934,X3 Terran Conflict,1.4
62371,50229934,Fractured Space,0.5
62389,134641355,March of War,74.0
62479,102219798,Napoleon Total War,0.5
62561,174633348,Robocraft,59.0
62615,77214425,Age of Empires III Complete Collection,21.0
62628,77214425,Trials Evolution Gold Edition,15.7
62661,77214425,Shadow Warrior,5.5
62688,77214425,Robocraft,2.0
62693,77214425,F.E.A.R. Online,1.4
62795,44370809,Titan Quest,0.1
62798,105022811,Napoleon Total War,4.6
62825,88271258,Football Manager 2013,360.0
62849,187999074,Robocraft,2.2
62883,89559973,Football Manager 2013,214.0
62907,85256089,Football Manager 2013,905.0
62940,94299484,State of Decay,1.1
62951,243324816,Robocraft,0.9
62995,82263745,"Warhammer 40,000 Space Marine",28.0
63008,82263745,Age of Empires II HD Edition,9.0
63037,82263745,Robocraft,0.3
63049,181252150,Robocraft,10.8
63051,154940708,March of War,0.9
63058,144387163,Football Manager 2013,110.0
63087,245314153,Robocraft,2.8
63112,126877285,Napoleon Total War,1.6
63128,50275189,Dead Space,3.5
63243,57770056,"Warhammer 40,000 Space Marine",6.7
63259,57770056,Age of Empires II HD Edition,0.3
63294,24632218,Fallout 3,31.0
63340,24632218,Hylics,5.0
63355,24632218,Titan Quest,2.6
63366,24632218,Age of Empires II HD Edition,1.5
63383,24632218,Thief Gold,0.3
63385,24632218,Deus Ex Invisible War,0.2
63399,233904235,Robocraft,16.5
63409,74772820,Avernum 5,222.0
63435,74772820,Titan Quest,5.8
63437,74772820,Dead Space,1.9
63466,241210827,Robocraft,2.7
63477,233043005,Robocraft,88.0
63583,199908506,F.E.A.R. Online,1.7
63621,132196353,Revolution Ace,0.3
63641,45292137,Robocraft,9.8
63694,58345543,Medal of Honor(TM) Single Player,10.7
63787,58345543,Dead Space,1.1
63823,58345543,Osmos,0.2
63843,75457821,Robocraft,8.1
63886,58931437,Dead Space,0.2
63891,91895208,Football Manager 2013,1478.0
63896,291967240,Robocraft,0.8
63898,159688146,Robocraft,2.7
63927,166880158,Fallout 3,104.0
63999,102988032,"Warhammer 40,000 Space Marine",8.4
64058,155673786,Robocraft,0.2
64100,82436907,Robocraft,60.0
64131,163432200,Robocraft,16.7
64135,163432200,Fractured Space,9.7
64220,92593907,Goodbye Deponia,8.0
64308,175263669,Robocraft,1.8
64337,140408017,State of Decay,3.4
64376,120630528,Football Manager 2013,13.3
64399,127555883,Earth 2150 Trilogy,0.3
64404,31007645,Napoleon Total War,76.0
64445,139013624,Age of Empires II HD Edition,176.0
64491,48386574,Age of Empires II HD Edition,1.2
64507,191760370,Robocraft,0.2
64517,93313267,Football Manager 2013,0.9
64558,87622319,Napoleon Total War,0.5
64614,208616727,Robocraft,0.5
64632,140854798,Medal of Honor(TM) Single Player,0.3
64660,168324795,Robocraft,0.2
64703,31669242,Trials Evolution Gold Edition,14.8
64781,31669242,"Warhammer 40,000 Space Marine",0.7
64862,154296520,Robocraft,0.7
64891,174838943,Robocraft,7.3
64937,35864169,Street Fighter X Tekken,9.5
64976,110546832,BIT.TRIP Presents... Runner2 Future Legend of Rhythm Alien,0.3
65088,127628725,Medal of Honor(TM) Single Player,1.6
65166,152419713,BIT.TRIP Presents... Runner2 Future Legend of Rhythm Alien,1.9
65193,165081137,Napoleon Total War,13.6
65196,42380987,Age of Empires II HD Edition,346.0
65211,140700995,Time Clickers,134.0
65260,9845449,Serena,0.2
65264,255029668,Robocraft,11.6
65306,49050405,Age of Empires III Complete Collection,84.0
65312,49050405,Age of Empires II HD Edition,25.0
65349,302857051,Robocraft,0.1
65352,128065805,Age of Empires II HD Edition,364.0
65359,160887309,Robocraft,2.4
65413,126583867,Football Manager 2013,295.0
65418,110160904,Napoleon Total War,1.7
65440,182528494,Age of Empires II HD Edition,15.5
65468,114931125,Football Manager 2013,141.0
65493,89832342,Football Manager 2013,98.0
65592,66596291,Robocraft,13.7
65607,66596291,Napoleon Total War,2.1
65635,159248043,Age of Empires III Complete Collection,0.2
65636,159248043,Age of Empires II HD Edition,0.1
65713,195962272,Serena,1.5
65788,47457723,Robocraft,13.1
65910,47457723,Dead Space,1.0
65916,47457723,STAR WARS X-Wing Alliance,0.9
65951,47457723,Titan Quest,0.5
66003,47457723,Fractured Space,0.2
66021,47457723,Deus Ex Invisible War,0.1
66114,72329360,Napoleon Total War,0.8
66163,168244631,Robocraft,3.7
66210,211270134,Robocraft,0.5
66311,48525807,Trials Evolution Gold Edition,1.9
66334,42648631,Football Manager 2013,1339.0
66341,158655503,Robocraft,0.9
66353,85046830,State of Decay,39.0
66369,80067793,Robocraft,10.9
66419,114924461,Dead Space,0.6
66483,86499586,Age of Empires II HD Edition,3.5
66485,86499586,Robocraft,1.4
66502,39941720,State of Decay,9.9
66512,39941720,Age of Empires II HD Edition,2.2
66516,39941720,Sniper Elite Nazi Zombie Army 2,1.0
66554,34281672,State of Decay,0.8
66603,123483924,Robocraft,4.5
66639,67708331,Sid Meier's Civilization IV Colonization,0.6
66676,42507653,Football Manager 2013,22.0
66678,129478138,Age of Empires II HD Edition,7.2
66697,180981964,Age of Empires II HD Edition,33.0
66715,108264287,Age of Empires II HD Edition,34.0
66758,71462210,Napoleon Total War,4.1
66772,162288536,Age of Empires III Complete Collection,176.0
66782,162288536,State of Decay,44.0
66796,162288536,Napoleon Total War,9.4
66874,60549077,Titan Quest,2.9
66961,182726567,F.E.A.R. Online,4.6
66974,182726567,Thief Gold,0.3
66976,182726567,Among Ripples,0.2
66990,166669789,Robocraft,44.0
67039,166669789,Among Ripples,0.1
67112,86540,Age of Empires II HD Edition,0.7
67186,68685708,Age of Empires II HD Edition,1.0
67215,162081645,Robocraft,0.8
67221,162081645,Shadow Warrior Classic (1997),0.3
67242,195743633,Robocraft,0.1
67270,198735293,Time Clickers,7.7
67471,123696203,Age of Empires III Complete Collection,16.8
67560,181385269,Robocraft,24.0
67569,237610173,Robocraft,5.2
67571,200574126,Robocraft,0.8
67642,168163793,Robocraft,40.0
67684,17495098,Football Manager 2013,323.0
67737,220434034,Robocraft,0.1
67761,220711709,Robocraft,0.3
67764,296769824,Robocraft,23.0
67877,164475918,Sniper Elite Nazi Zombie Army 2,1.4
67899,199659716,Robocraft,62.0
67977,287500646,Napoleon Total War,0.7
68002,125682446,Medal of Honor(TM) Single Player,2.8
68007,125682446,Dead Space,0.7
68072,122118929,Football Manager 2013,17.4
68123,36404933,Dead Space,3.1
68127,36404933,SkyDrift,2.8
68147,36404933,Osmos,1.1
68156,36404933,BIT.TRIP Presents... Runner2 Future Legend of Rhythm Alien,0.8
68198,36404933,Windosill,0.1
68212,179347474,Robocraft,53.0
68242,99711581,Robocraft,1.5
68258,165073598,Sid Meier's Civilization IV Colonization,11.8
68317,79319075,Earth 2160,2.5
68347,131473057,Robocraft,343.0
68371,33452361,Dead Space,28.0
68469,47144509,Napoleon Total War,61.0
68530,20772968,Age of Empires II HD Edition,2.5
68550,20772968,Osmos,1.0
68607,47384303,X3 Terran Conflict,72.0
68666,47384303,Age of Empires II HD Edition,3.4
68782,244335912,Robocraft,0.8
68830,80511960,Robocraft,7.3
68842,80511960,March of War,1.8
68913,193103684,Dead Realm,3.9
68981,48666962,Age of Empires II HD Edition,11.1
69103,112845094,Robocraft,40.0
69145,254550709,Time Clickers,0.1
69152,158828239,Age of Empires II HD Edition,222.0
69254,28731346,Dead Space,1.2
69281,81943620,Titan Quest,17.9
69302,81943620,BIT.TRIP Presents... Runner2 Future Legend of Rhythm Alien,8.3
69358,80265154,Napoleon Total War,21.0
69508,174507916,Fallout 3,4.2
69529,3979930,Robocraft,0.2
69532,283651572,Robocraft,3.0
69541,107623882,Napoleon Total War,71.0
69583,60859695,Parcel,9.2
69646,60859695,Serena,0.3
69649,60859695,Windosill,0.2
69662,75970863,Robocraft,0.6
69692,42657809,Football Manager 2013,327.0
69697,42657809,MLB 2K12,153.0
69782,42657809,Dead Space,1.2
69789,42657809,Titan Quest,0.2
69837,154230723,Thomas Was Alone,0.9
69854,154230723,BIT.TRIP Presents... Runner2 Future Legend of Rhythm Alien,0.6
69861,154230723,Worms Clan Wars,0.4
69875,154230723,Age of Empires III Complete Collection,0.2
69914,232257053,Robocraft,0.5
69970,116564064,Age of Empires II HD Edition,11.9
70122,191721546,Robocraft,0.4
70236,73726855,Time Clickers,14.1
70304,135400225,Age of Empires II HD Edition,23.0
70309,135400225,State of Decay,16.3
70319,135400225,Napoleon Total War,11.7
70372,135400225,Fractured Space,1.6
70414,88705345,Robocraft,7.8
70424,274261412,The Forgotten Ones,0.4
70455,99096740,Dead Space,15.4
